id,name,description,price,stock,images,category,product_ID
fd660d95-aff3-49b7-881e-b26e08884e8e,All-Clad Premium Stainless Steel Cookware Set,"Elevate your cooking experience with our All-Clad Premium Stainless Steel Cookware Set, designed to provide exceptional performance, durability, and heat distribution. This high-quality cookware features a triple-layer construction for even heat distribution, ensuring that your dishes are cooked to perfection every time. The stainless steel construction is resistant to scratches and corrosion, making it a long-lasting addition to your kitchen. Whether you're a professional chef or a home cook, this cookware set is perfect for achieving perfect browning, searing, and cooking results. With its beautiful design and functionality, this cookware set is both aesthetically pleasing and incredibly functional, suitable for use on all types of cooktops.",499.99,43,,Kitchen & Dining,424
66b6416c-4318-404e-9c56-85a5badb2642,Tivoli Model Two Tabletop Radio System,"Experience high-quality sound in a compact, stylish package with the Tivoli Model Two Tabletop Radio System. This sleek and unobtrusive system boasts a top-notch tuner and rich, warm sound that fills an entire room. With its retro look and advanced features, it's perfect for those who want to upgrade their home audio without compromising on style. Add the Tivoli subwoofer for an even more immersive listening experience. Ideal for use in living rooms, offices, or anywhere you want to enjoy great sound in a small footprint.",249.0,42,,Home & Garden,712
8ba42a49-9968-4344-80df-13019c2ac3b3,Dyson DC07 Cyclonic Upright Vacuum Cleaner,"Experience superior cleaning performance and convenience with the Dyson DC07 Cyclonic Upright Vacuum Cleaner. This powerful and reliable vacuum features a unique cyclonic technology that captures 99.97% of microscopic dust, dirt, and allergens as small as 0.3 microns. With its lightweight and ergonomic design, handling and maneuverability are effortless, making it perfect for cleaning large spaces. The included floor tool allows for easy access to tight spaces and under furniture, while the cyclonic technology ensures a quieter and more efficient cleaning experience. Whether you're a homeowner, pet owner, or allergy sufferer, this vacuum cleaner is an unbeatable choice for maintaining a cleaner and healthier home.",399.0,43,,Home & Garden,796
86c92b36-0695-46d2-af5f-397bb78b6dbc,Dyson Animal Hair Vacuum Cleaner,"Experience unparalleled cleaning performance with the Dyson Animal Hair Vacuum Cleaner, designed for pet owners and those who demand the best. This powerful device picks up dirt, dust, and fine particles with ease, including fireplace ash and pet hair. Its sleek design and easy-to-use interface make it a joy to vacuum, allowing you to tackle tough messes with confidence. The vacuum's advanced technology and robust construction ensure years of reliable service. Whether you have a small or large space, this vacuum is the perfect choice for anyone seeking a deep clean. With its impressive performance and beautiful design, this product is well worth the investment.",799.0,57,,Home & Garden,797
1b925d13-6617-466c-944f-426305424c45,Premium Nursing Support Pillow,"The My Brest Friend Nursing Pillow is a highly-rated, must-have accessory for new mothers. Designed to provide optimal support and comfort during breastfeeding, this pillow is a game-changer for nursing moms. Its unique design allows for effortless feeding, reducing back and shoulder strain. Unlike other nursing pillows on the market, such as the Boppy, the My Brest Friend offers superior support and flexibility. With its versatility and practicality, this pillow is a thoughtful gift for friends and family members expecting a baby. Made with high-quality materials and crafted with love, the My Brest Friend Nursing Pillow is an investment in the comfort and well-being of new mothers.",49.99,27,,Home & Garden,1860
00720fe2-0b76-4f05-b53d-000e79c80f7c,Calphalon Professional-Grade Cookie Sheets,"Elevate your baking experience with our Calphalon Professional-Grade Cookie Sheets. These heavy-gauge, well-made pans are perfect for serious bakers who demand the best. With their sturdy construction and non-warping design, you can achieve perfect results every time. The raised Calphalon branding may be a minor concern for some, but the exceptional quality and durability of these sheets make them a worthwhile investment. Whether you're a seasoned pro or a home cook, these cookie sheets are sure to become a staple in your kitchen.",49.99,27,,Home & Kitchen,2525
8f860d1f-7f7b-49de-83c9-4d9562c02e80,Inflatable Item Air Pump with Deflate Feature,"Effortlessly inflate and deflate your pool floats, beach toys, and inflatables with our reliable air pump. Equipped with a deflate feature, this pump allows for quick air removal, making it easy to fold up and store your inflatables. With fast inflation and deflation speeds, you'll be enjoying your pool or beach time in no time. Perfect for pool owners, beachgoers, and outdoor enthusiasts, this pump is a must-have for anyone with inflatables.",29.99,42,,Home & Garden,2612
66739156-b5b6-4d29-a5d9-b76209bc1a8a,Miele Antares Vacuum Cleaner - Premium Cleaning Experience,"Experience the power of advanced cleaning technology with the Miele Antares Vacuum Cleaner. This premium cleaning solution boasts a lightweight design, exceptional suction power, and a compact profile that makes it easy to maneuver around your home. The vacuum is equipped with 3 extra attachments and features easy-to-replace bags and filters. Its closed system traps dust and allergens, preventing them from being released back into the air. With its quiet operation and impressive performance, the Miele Antares is perfect for homeowners seeking a reliable and efficient cleaning experience. Ideal for hardwood floors, area rugs, and other surfaces, this vacuum is a worthwhile investment for those demanding the best.",499.0,43,,Home & Garden,2764
b8f424a7-47c9-49a1-97e8-71c522f04b58,Nespresso D290 Capsule Espresso Machine,"Experience the perfect blend of convenience and flavor with our Nespresso D290 Capsule Espresso Machine. This sleek and sophisticated machine is designed to make brewing espresso easy and enjoyable. With a wide selection of coffees to choose from, you'll never get bored with the same old flavor. The capsules are super convenient, fast, clean, and neat, making them a great option for those who value ease and minimal cleanup. Plus, the machine heats up quickly and makes a perfect espresso every time. Whether you're a coffee connoisseur or a busy professional, our Nespresso D290 Capsule Espresso Machine is the perfect addition to your kitchen.",199.0,43,,Kitchen & Dining,2962
68f95f07-e78c-49e3-8329-c57ef64429ee,Wall-Mounted Atomic Clock with Clear Display,"Easily read from a distance, this wall-mounted atomic clock boasts a black face with white letters, ensuring precise timekeeping in any setting. With its compact size, it fits perfectly in kitchens, offices, or emergency operations centers. Featuring an atomic clock signal reception for accurate timekeeping, this clock is the perfect addition to any space. Made with durable construction suitable for daily use, it's easy to change the battery every year or so. Experience the convenience of a reliable wall clock with a stylish and modern design.",29.99,57,,Kitchen & Dining,3006
0c2d9da3-fa5c-41d1-a957-886d3455876b,Deluxe Laundry Bag for Bras and Delicates,"Protect your delicate items from damage and snagging with our high-quality laundry bags. Made with durable materials, these bags are perfect for washing bras, baby clothing, and accessories. With multiple uses and a compact design, they are a must-have for any household. Our laundry bags are easy to use and come in a pack of [random stock number] to keep your laundry day organized and efficient.",9.99,32,,Home & Kitchen,3675
f206c190-28e1-40a3-9e94-bc5a7db04479,WarmthMax Gear-Up Parka,"Stay warm and organized with the WarmthMax Gear-Up Parka. Made from high-quality material, this parka keeps you cozy after workouts or in chilly weather. It features multiple roomy pockets for storing gear, a well-protected inner pocket for valuables, and a decent windproof design. The parka also includes a hood, although it's a bit small, perfect for those with short hair. With its excellent material quality and numerous pockets, this parka is ideal for fitness enthusiasts and anyone looking for a reliable, affordable outerwear option.",49.99,27,,Sports & Outdoors,4404
94ca968f-42b5-4182-b411-8b4561d4541b,Bialetti Espresso Gasket and Filter Set Replacement,"Get back to brewing perfect espresso with our Bialetti espresso gasket and filter set replacement. Compatible with various Bialetti stovetop espresso makers, including Moka Express and Venus models, these rubber gaskets ensure a tight seal for optimal coffee flavor. Made with high-quality materials, our gaskets are designed to withstand the heat and pressure of your espresso maker. Order now and enjoy good coffee again!",8.99,23,,Kitchen & Dining,4754
ecc6f8f9-b283-4d03-9788-d0f68aeb397d,Mindful Moments Aromatic Candle,"Escape into serenity with our premium Mindful Moments Aromatic Candle. Infused with a sweet, refreshing fragrance, this candle is perfect for meditation, relaxation, and creating a peaceful atmosphere. Its even burn and high-quality construction ensure a long-lasting, enjoyable experience. Whether you're looking to unwind after a long day or create a calming ambiance for a special occasion, our candle is the perfect choice. With its slender design and attractive appearance, it's a beautiful addition to any room.",24.99,67,,Home & Garden,5616
95a917be-6572-4ed0-b540-d2491f1c5289,Soothing Sage and Citrus Yankee Candle,"Indulge in the tranquil combination of soothing sage and refreshing citrus with our high-quality Yankee Candle. This unisex fragrance is not overpowering yet rich in scent, making it perfect for relaxation and everyday use. With its durable construction and long-lasting burn time, this candle is a great addition to any home. The balanced blend of soft, powdery sage and citrus notes will transport you to a peaceful state of mind. As a trusted brand, Yankee Candle is known for its excellent quality and value. This candle is a great choice for those looking for a calming and invigorating scent to enhance their home ambiance.",25.99,54,,Home & Garden,6158
6039a288-782a-4cfb-95b1-3b883c6508b7,DreamSleep Luxe Memory Foam Mattress,"Upgrade your sleeping experience with the DreamSleep Luxe Memory Foam Mattress, designed to provide unparalleled comfort and support. Constructed with a unique combination of advanced memory foam and a plush pillow top, this mattress ensures a restful night's sleep for years to come. As one customer noted, 'this sleeps like a 5-star luxury mattress' without breaking the bank. With its impressive ability to outperform more expensive brands, such as Tempurpedic, this mattress is a game-changer for anyone seeking a high-quality sleeping solution. Simply air it out for a few days to rid of the initial packaging smell, and get ready to experience the ultimate in sleeping comfort.",599.0,43,,Home & Garden,7001
71fd31eb-6499-469c-8c77-c06bb74a8920,Warmth & Performance Swim Parka,"Experience optimal warmth and protection with our high-quality swim parka, engineered for comfort and performance. Perfect for swimmers, water polo players, and individuals who spend extended periods outdoors. This well-made parka features a heavy-duty design, providing exceptional warmth and durability. Its versatility makes it suitable for both adults and youth, with a range of sizes available to accommodate different body types. The XXS and XS sizes provide a comfortable fit, with the XS being ideal for younger swimmers. With its long-lasting construction, this parka is a great investment for swimmers who require a reliable and high-performance garment.",49.99,43,,Sports & Outdoors,7191
bd3f891a-12d3-481e-a20e-980b93f8e320,ExcelSteel 13-Inch Lightweight Cast Iron Wok,"Upgrade your cooking experience with the ExcelSteel 13-Inch Lightweight Cast Iron Wok. This exceptional cooking vessel boasts a super lightweight design, making it easy to handle and maneuver. The flat bottom ensures safe and stable cooking, while the cast iron construction provides durability and even heat distribution. With proper seasoning, the wok works exceptionally well and is easy to clean. Perfect for stir-frying, sautéing, and cooking a variety of dishes, this wok is a must-have for any cooking enthusiast. Its heat-resistant handle and quick heating capabilities make cooking a breeze. Whether you're a beginner or an experienced chef, this wok is sure to become your go-to cooking companion.",24.99,42,,Kitchen & Dining,7477
fe67ac4f-9762-4591-9f06-dc4a7fac984d,Strawberry and Tomato Huller,"Elevate your kitchen experience with our Strawberry and Tomato Huller. This handy utensil is designed to efficiently remove stems and cores from strawberries and tomatoes, preserving the maximum amount of fruit and minimizing waste. The soft metal construction ensures a smooth and gentle removal process, making it ideal for ripe fruits. Its sharp and easy-to-hold design allows for effortless handling, making it a must-have for home cooks and professional chefs alike. Perfect for gardening enthusiasts, market-goers, and anyone looking for a convenient way to prepare fresh produce.",12.99,57,,Kitchen & Dining,8960
4bdef53f-6fb2-4ab8-86ea-ecd9510a0ab4,Vibrant Poster Artwork for Home Decor,"Elevate your home decor with our stunning poster artwork, designed to add a touch of personality to any room. With its vibrant colors and high-quality finish, this art piece is sure to impress even the most discerning collector. Whether you're a fan of bold statements or subtle nuances, this poster is perfect for anyone looking to add a unique touch to their living space. Made with durable materials, it's ready to hang and enjoy for years to come.",24.99,42,,Home & Garden,10957
ba19e93a-a748-4c26-9ff5-98b0bca6cc8f,SoyaPower Plus Automatic Soymilk Maker,"Elevate your home-brewed soymilk experience with the SoyaPower Plus, a user-friendly and efficient machine that simplifies the process of making delicious soymilk. With its easy operation and minimal supervision required, you can enjoy a variety of flavors, from soybean and rice to oats, with just a few simple steps. The machine's non-removable pitcher and compact design make it a convenient addition to any kitchen. Perfect for health-conscious individuals and environmentally friendly consumers, the SoyaPower Plus is a must-have for anyone looking to reduce their carbon footprint and enjoy a guilt-free beverage.",129.99,37,,Kitchen & Dining,11343
9568eaa2-5908-4841-b607-b04f22dfee41,SolarShield Window Treatments,"Elevate your home's ambiance with the SolarShield Window Treatments, expertly designed to filter out harsh sunlight while maintaining a stylish appearance. Crafted with quality materials, these blinds are designed to provide long-lasting durability and effortless operation. Thanks to their sleek design, they're easy to install with the right tools, making them perfect for homeowners and DIY enthusiasts alike. Plus, SolarShield Window Treatments effectively keep out the sun's intense rays, instantly cooling your room and creating a cozy atmosphere. Enjoy the perfect blend of functionality and aesthetics with these fantastic window treatments.",49.99,43,,Home & Garden,11527
60bcabd8-fe5e-4054-84a2-062a30d73e7d,Fresh Spice Pro Grinding System,"Elevate your cooking experience with the Fresh Spice Pro Grinding System, designed to bring out the best flavors in your dishes. This efficient and reliable kitchen appliance features a robust motor that effortlessly grinds hard spices like cinnamon and cardamom. With three detachable cups, you can grind a variety of spices to your desired consistency. Its compact size makes it perfect for kitchens of all sizes, and its reasonable quiet operation ensures a pleasant grinding experience. The Fresh Spice Pro Grinding System is a must-have for any home cook or professional chef looking to add a touch of freshness to their meals.",69.99,42,,Kitchen & Dining,12650
ad7ff8e1-5f85-4acf-adea-ec716adef54b,Elegant Reusable Chopstick Set,"Elevate your dining experience with our beautifully crafted, reusable chopstick set. Perfect for beginners and experienced chopstick users alike, this set features a durable design that is both easy to use and beautiful to look at. Made from high-quality materials, our chopsticks boast a stylish finish that will not splinter, ensuring a premium dining experience. Whether you're a sushi enthusiast or just looking for a unique kitchen accessory, this set is a thoughtful gift for yourself or a loved one.",14.99,23,,Kitchen & Dining,15581
98fa15bb-d9d6-4a62-a5b1-11fc61fa3d9d,Ultimate Comfort Sleeping Pillow,"Upgrade your sleep experience with our premium sleeping pillows, designed to provide the perfect balance of support and comfort. Suitable for side sleepers and suitable for all ages, these pillows feature a firm yet soft design that ensures a restful night's sleep. With its exceptional quality and durability, this pillow is perfect for anyone seeking a great night's sleep. Whether you're a light or heavy sleeper, you'll appreciate the support and comfort that our pillows provide. Made with high-quality materials, these pillows are built to last, ensuring years of comfortable sleep.",49.99,67,,Home & Garden,16274
124df8e6-324e-4701-8994-a0423c882fc4,Eureka Type U Vacuum Cleaner Replacement Belt,"Experience reliable and efficient performance with our Eureka Type U Vacuum Cleaner Replacement Belt. Our belt is designed to provide a perfect fit and optimal tension for added durability and longevity. Crafted from high-quality materials, it ensures smooth operation and minimizes wear and tear on your vacuum cleaner. With its supple and thick design, this belt is the ideal replacement for your Eureka Type U Vacuum Cleaner. Enjoy fast and hassle-free shipping, and experience the difference of our exceptional customer service.",10.99,67,,Home & Garden > Cleaning Supplies,17305
7b5411ad-07c4-468e-8647-b5d5f4772437,Decorative Coin Bank Skull,"Elevate your home decor with our beautifully crafted Decorative Coin Bank Skull. Made from quality materials and cast in a unique design, this skull bank is perfect for collecting coins or storing small treasures. Its decent paint job adds a touch of elegance to any room, making it a great addition to your shelf or desk. Plus, its versatility allows it to double as a charming hat holder or a quirky pen holder. With its reliability and aesthetic appeal, this decorative coin bank skull is a must-have for anyone looking to add a touch of personality to their space.",15.99,57,,Home & Garden,17490
23f965ec-e60c-42a0-8ebe-23d2a09c1bbb,Sage and Citrus Soy Wax Candle,"Elevate your home's ambiance with the inviting Sage and Citrus Soy Wax Candle. This carefully crafted candle boasts a refreshing blend of earthy sage and citrus notes, reminiscent of a spring morning. Its pleasant aroma can fill your room or house with a gentle, soothing scent. Made with high-quality soy wax, this candle provides a clean and smooth burn, releasing a subtle fragrance that's not overpowering. Perfect for those who appreciate a calming atmosphere and a touch of citrus, this candle is a great addition to any home decor.",24.99,43,,Home & Garden,18649
0f6d4708-5e5d-44d9-900c-d17a64eb8e9b,SilentFlow Compact Desk Fan,"Stay cool and calm with the SilentFlow Compact Desk Fan, a reliable and efficient air circulation solution for your home or office. This fan boasts impressive quiet operation, a key feature that sets it apart from other models on the market. With its sleek design and compact size, it's perfect for desks, nightstands, or anywhere a gentle breeze is needed. Although some users noted minor assembly issues and mild airflow, overall customer satisfaction is high, making this a great value for the price.",24.99,43,,Home & Garden,18955
02cb2355-731d-4e6f-9bb9-046866c3e8b1,Tick Tock Fun Time Clock,"Add a dash of whimsy to your home or office with our Tick Tock Fun Time Clock. This unique timepiece is designed to bring a smile to your face with its distinctive ticking noise and eye-catching design. Easy to read and keeping great time, this clock is perfect for anyone looking to add some personality to their space. Whether you're a newly retired person or just someone who appreciates a good laugh, this clock is sure to delight. Made with durable materials and built to last, it's a great addition to any room. Order now and get ready to tick tock your way through the day!",24.99,43,,Home & Garden,22318
5a5c3333-3dbe-4b34-b67e-a64e627bd84f,SilentPro Masticating Juicer,"Elevate your juicing experience with the SilentPro Masticating Juicer, a high-quality, quiet, and efficient machine that extracts maximum fluid from your favorite fruits and vegetables. With its ease of use and minimal effort required, you'll love making healthy juices for you and your loved ones. This premium juicer boasts a robust design, making it a quality product that's built to last. Cleaning is a breeze, and the dry pulp ensures minimal waste. Perfect for those seeking a hassle-free and rewarding juicing experience.",299.99,42,,Kitchen & Dining,25109
edf51a2d-6b1f-49b4-878e-ada90d76fa82,Premium Spice Rack Organizer System,"Elevate your kitchen with our Premium Spice Rack Organizer System! This thoughtful and functional accessory provides an efficient way to store and display your spices, freeing up valuable counter space. Made with high-quality materials, this unit is designed to last and withstand the rigors of daily use. With its sleek and modern design, it's sure to complement any kitchen layout. The system is easy to assemble and features a compact footprint, making it perfect for small kitchens or apartments. Don't let clutter take over your kitchen; get organized with our Premium Spice Rack Organizer System!",24.99,27,,Kitchen & Dining,26153
d9b1cb8c-931d-453f-90ad-d25988600247,Mini Leaf Fondant Mold Set for Cake Decorating,"Create beautiful and delicate designs on your cakes with our Mini Leaf Fondant Mold Set. Made from high-quality silicone, these molds are perfect for working with fondant, chocolate, or sugar. The set features 1.3cm leaf-shaped molds that are ideal for crafting intricate details on your baked creations. With its ease of use and mess-free design, this mold set is a must-have for any cake decorating enthusiast. Whether you're a professional baker or an amateur decorator, this product is sure to impress.",8.99,42,,Kitchen & Dining,27408
249d1dbc-9973-41e9-aa23-b7531585e4f1,Heavy-Duty Metal T Press,"Elevate your crafting and pressing needs with this exceptional Heavy-Duty Metal T Press. Constructed from high-quality, all-metal materials, this durable press is built to last and withstand heavy use. With its straightforward design, it's simple to operate and maintain, making it perfect for professionals and hobbyists alike. The press can be heated for enhanced performance, allowing for precise control over your projects. Please note that heating may require some care to avoid over-tightening. To prevent this, it's recommended to use a non-slip grip or handle to secure the press tightly before heating. This versatile press is an excellent value for its price, offering reliable performance and a long lifespan.",29.99,43,,Home & Garden,28449
3e7a06be-65e6-45f7-a005-688c4c89dbee,Cake Dummy Set for Professional Cake Designers,"Take your cake design skills to the next level with our affordable and versatile cake dummy set. Perfect for cake designers, bakers, and decorators, these cake dummies are designed to help you hone your fondant skills and push your creativity. Made to withstand multiple uses and easy to clean, they're ideal for practicing and perfecting your designs. With our cake dummy set, you'll be able to focus on what matters most – creating stunning cakes that impress. Whether you're a seasoned professional or just starting out, our cake dummies are the perfect tool to help you achieve your cake design goals.",29.99,43,,Kitchen & Dining,29052
90434cdd-2ad6-4fca-806d-32f5d065ea39,Premium Silicone Square Cake Pan,"Elevate your baking experience with our Premium Silicone Square Cake Pan. Crafted from high-quality silicone, this pan is durable, easy to clean, and ideal for cooking a variety of dishes, from cakes and breads to protein bars. Its sturdy design and non-stick coating ensure effortless food release, making it a must-have for home bakers and professional chefs alike. The pan's vibrant color adds a touch of style to your kitchen. With its versatility and ease of use, this cake pan is perfect for anyone looking to upgrade their baking routine.",19.99,67,,Kitchen & Dining,30948
e0693848-c2f2-4713-a676-319328748fb5,Kid's Play Chair with Comfortable Seating,"Introducing our Kid's Play Chair, designed for kids to have fun while staying comfortable. Made from foam, this chair is perfect for indoor play. The chair's compact design and vibrant colors make it an ideal addition to any playroom or nursery. Although not the most sturdy chair, it serves its purpose for a short time and withstands the wear and tear of a two-year-old. With its affordable price and quick shipping, this chair is a great value for parents looking for a budget-friendly option.",24.99,43,,Home & Garden > Furniture,32937
208d2a1e-11bb-494a-a2e3-1d326b8c29c0,Kitchen Elegance Area Rug,"Add a touch of style and functionality to your kitchen with our high-quality area rug. Made with durable materials, this rug features vibrant colors that are true to the original photo, ensuring a beautiful and long-lasting addition to your home decor. The rug's design and material work together to provide a comfortable and slip-resistant surface, perfect for high-traffic areas. Plus, with our excellent customer service, you can trust that any issues will be promptly addressed. Available in a variety of designs and sizes, this rug is a great buy for the price and a fantastic value for your money.",49.99,67,,Home & Garden,33415
2373ee9e-66b2-4eb4-a6a7-01dea5095380,Modern Living Room Storage Tower,"Elevate your living space with the Modern Living Room Storage Tower, a stylish and functional piece that combines contemporary design with classic sophistication. Designed to seamlessly blend into any décor, this tower boasts a sturdy frame and ample storage for your treasured belongings. With a straightforward assembly process, you can easily add this beautiful piece to your home, perfect for showcasing stereo items, plants, and vases. Its sleek appearance and versatility make it an excellent addition to any room, while its sturdy construction ensures it will withstand the test of time.",129.99,47,,Home & Garden,34041
88e35191-e877-4e7f-8a03-edbbea24d48b,NutriBullet Cooler Bag,"The NutriBullet Cooler Bag is a versatile and high-quality accessory designed to protect and transport your NutriBullet blender and other beverages. Made with sturdy materials and easy-to-clean features, this bag is perfect for storing and transporting your favorite smoothies, NutriBlasts, and other liquids. Its compact design makes it ideal for travel, picnics, or everyday use. The NutriBullet Cooler Bag is an excellent addition to any kitchen, offering convenience, portability, and peace of mind. Whether you're a busy professional or an active outdoor enthusiast, this bag is a must-have for anyone who values convenience and quality.",29.99,42,,Kitchen & Dining,36902
0ec749d7-0b77-437e-8fa1-f5d0b69b51e9,Adjustable Twin and Cal King Bed Frame,"This sturdy bed frame is designed to accommodate both twin and Cal King mattress sizes. Featuring six adjustable feet and hooks on both ends, it allows for easy attachment of headboards and footboards. Made of high-quality materials, this frame offers excellent support and durability. Its compact design makes it perfect for small bedrooms or apartments. With its easy assembly and excellent customer service, this bed frame is a great choice for anyone looking for a reliable and affordable sleeping solution.",129.99,43,,Home & Garden,37127
17eed7f8-42d3-4b89-87b7-18b893cd17e1,Luxury Thermal Blackout Curtains,"Elevate your home with our premium thermal blackout curtains, designed to provide exceptional room darkening and heat retention. Made from high-quality fabric, these curtains are lightweight, yet effective at keeping the cold air out and reducing afternoon heat in the room. With a rich chocolate to chestnut brown color on both sides, these curtains add a touch of sophistication to any window. The clever design allows for easy gathering, ensuring a nearly blackout effect and excellent thermal insulation. Perfect for bedrooms, living rooms, or any space where you need to block out light and stay cozy. Made to last and easy to maintain, these curtains are a must-have for any homeowner.",69.99,43,,Home & Garden,40535
1a62c774-738e-4f6f-9253-01ffa5180699,EcoSmart Solar Blockout Blinds,"Transform your space with our EcoSmart Solar Blockout Blinds, designed to enhance your indoor comfort and style. These versatile blinds not only block out harsh sunlight but also keep your room feeling cooler and more relaxed. With their sleek design and easy installation, you can enjoy the perfect ambiance without breaking the bank. Made with durable materials, our blinds are perfect for any room in your home and are a cost-effective solution for energy efficiency. Say goodbye to sweltering heat and hello to a cooler, more comfortable living space.",49.99,43,,Home & Garden,40866
99827c6a-381c-44c6-b805-56c0ce85876b,Bialetti Moka Maker Replacement Gasket Set,"Experience effortless brewing with the genuine Bialetti Moka Maker Replacement Gasket Set. Designed to fit your 9-cup Bialetti Espresso Pot, this set of three gaskets ensures a secure and leak-proof seal, guaranteeing the perfect blend every time. Made from durable materials, these gaskets withstand the high heat and stresses of repeated use, providing you with years of trouble-free brewing. Whether you're a coffee aficionado or a busy homeowner, this replacement gasket set is an essential accessory for your Bialetti Moka Maker, helping you to achieve the perfect cup every time.",14.99,42,,Kitchen & Dining,42501
2dd4167a-bedb-4f3f-b661-6d210a4591cb,Cozy Guest Room Bedside Table,"Elevate your guest room's ambiance with this versatile and functional bedside table. Made with high-quality materials, it offers a sturdy and reliable design that withstands daily use. With its simple and elegant appearance, this table seamlessly integrates with various decors, making it an excellent addition to any bedroom. The table's compact size and affordable price point make it an ideal choice for guests or homeowners looking for a hassle-free and convenient sleeping solution. Its excellent quality for the price and durable construction ensure years of reliable service.",59.99,27,,Home & Garden,43183
b7b1c0dd-5369-44c2-a534-8133cce2e643,Garlic Express with Precision Slicer,"Elevate your cooking experience with the Garlic Express, a must-have tool for any kitchen. This versatile garlic press and slicer is designed to make meal prep easier and more efficient. The Garlic Express features a sturdy construction and a comfortable grip, making it perfect for everyday use. The precision slicer ensures uniform cuts, while the garlic press extracts the perfect amount of juice from each clove. Whether you're a seasoned chef or a home cook, this product is perfect for anyone looking to add a touch of flavor to their dishes. With its sleek design and easy-to-use functionality, the Garlic Express is a valuable addition to any kitchen utensil collection.",24.99,43,,Kitchen & Dining,44858
0ca766e2-adf9-43dd-a145-e20ea2e6e9f4,Lightweight Tablecloth for Classrooms and Homes,"Elevate your space with our stylish tablecloth, perfect for classrooms, dining rooms, or any area that needs a pop of color. Made from high-quality material, this tablecloth is durable and easy to maintain. The light green design on a crisp white background adds a touch of freshness and sophistication. Plus, its lightweight construction makes it a breeze to iron and care for. Whether you're a teacher looking to create a welcoming atmosphere or a homeowner seeking to refresh your decor, this tablecloth is an excellent choice.",24.99,42,,Home & Garden,46121
1ddbcbd6-9a68-4125-b02d-c68da7a3b006,Premium Baking Measuring Cups Set,"Elevate your baking experience with our Premium Baking Measuring Cups Set. Made from high-quality materials, these measuring cups boast a sleek design with gel-type handles, providing a comfortable grip and ease of use. With no sharp edges, they ensure safe handling and easy cleaning. Our measuring cups are perfect for both professionals and home bakers, offering precise measurements and durability. At a fraction of the cost of similar products at high-end retailers like Williams-Sonoma, our set is an exceptional value. Upgrade your kitchen essentials with our Premium Baking Measuring Cups Set, designed to make baking a joyous experience.",24.99,43,,Kitchen & Dining,46486
41e09751-a44d-4ab3-b19e-61eece6a491f,KitchenAid Glass Bowl Beater Attachment,"The KitchenAid Glass Bowl Beater Attachment is a must-have for any serious baker or home cook who owns a KitchenAid mixer with a glass bowl. This versatile attachment features a flexible rubber edge that expertly scrapes the sides of the bowl, ensuring thorough mixing and minimal waste. Compatible with various KitchenAid models, including the Pro 600 Bowl-Lift, this beater attachment cleans the sides of the glass bowl perfectly, making it a game-changer in the kitchen. With its durable construction and easy-to-use design, this attachment is a valuable addition to any KitchenAid mixer owner. Say goodbye to messy mixing and hello to perfectly prepared batters and doughs with the KitchenAid Glass Bowl Beater Attachment.",49.99,27,,Kitchen & Dining,46822
02e4c41e-7cc5-4a8d-a80a-7f946b33fc7f,Lenox Microwave and Dishwasher Safe Tableware Set,"Elevate your table setting with the Lenox Microwave and Dishwasher Safe Tableware Set. This stunning collection boasts gorgeous colors, fantastic weight, and exceptional durability. Made from high-quality materials, these beautiful bowls are perfect for serving pasta, salads, or any meal. With their microwave and dishwasher safe design, cleaning and reheating are a breeze. Whether you're hosting a dinner party or everyday dining, these well-made tableware pieces will make your table look great. With its attractive and tasteful design, this set is sure to be a favorite in any kitchen.",49.99,27,,Kitchen & Dining,50565
780b4c58-1f6e-42a7-b243-dd0cf0798141,QuickThaw Device: Convenient Meat Thawing Tool,"Effortlessly thaw frozen meat and poultry with our innovative QuickThaw Device. This compact, easy-to-use gadget revolutionizes kitchen prep work, saving you time and stress. Simply submerge the device in water, attach it to your meat, and let the thawing process begin. The suction cup design ensures secure attachment, while the water-based thawing method prevents cross-contamination and ensures food safety. With QuickThaw Device, you can thaw meat up to 50% faster than traditional methods, making it an ideal addition to any kitchen. Its compact size and portability make it perfect for home cooks, camping trips, or on-the-go meals.",24.99,43,,Kitchen & Dining,51189
9cf117c7-2045-410c-89bc-e52066f4bfc0,Elegant Wine Holder with Wooden Design,"Add a touch of sophistication to your dining area with the Elegant Wine Holder. Made from high-quality wood, this wine holder is perfect for wine enthusiasts who appreciate the beauty of fine wine. With its classic design and compact size, it's ideal for small spaces and makes a great gift for friends and family. The product is suitable for most wine bottles and comes with easy-to-follow instructions for assembly. However, please note that some users may experience difficulty getting it level on the first try, so patience is recommended. Despite some minor assembly issues, the Elegant Wine Holder is a great addition to any home or office, and its price makes it an affordable luxury.",25.99,43,,Kitchen & Dining,52887
701893d3-9e60-4b4e-a793-55b9da50c5ef,Instant Pot Compatible Stainless Steel Ladle,"Elevate your cooking experience with our premium stainless steel ladle, designed for effortless mixing and serving. Compatible with 8-quart Instant Pots, this versatile tool is perfect for both food prep and serving. Made from high-quality stainless steel, it offers a sturdy and balanced design that ensures durability and ease of use. With a simple and streamlined design, it fits easily in any utensil jar, making it a great addition to any kitchen. Upgrade your cooking essentials with this well-made ladle that will provide years of reliable service. Ideal for home cooks and professional chefs alike, our stainless steel ladle is a must-have for any kitchen.",25.0,43,,Kitchen & Dining,54526
842e58a8-1a3f-43fc-8fce-f7815d514384,Colorful Bathroom Essentials Set,"Elevate your bathroom experience with our Colorful Bathroom Essentials Set. This vibrant collection of towels features a beautiful design that will add a pop of color to your bathroom. Made from good quality materials, these towels are soft to the touch and perfect for everyday use. The set's affordable price makes it an excellent value for those looking to upgrade their bathroom linens without breaking the bank. While they may not be the most absorbent towels on the market, their attractive design and reasonable price make them a great choice for those seeking a stylish and functional bathroom essentials set.",24.99,43,,Home & Garden,56849
2bc320b2-9ddb-4ded-aa24-b0b7e2e931c8,Collapsible Silicone Strainer and Steamer,"Elevate your cooking experience with our premium Collapsible Silicone Strainer and Steamer. Perfect for small living spaces, this versatile kitchen tool is designed to save space while delivering exceptional performance. Made from high-quality silicone, it can withstand extremely high temperatures and features a durable, long-lasting design. The collapsible design allows for easy storage, making it a great addition to any kitchen. Whether you're straining pasta or steaming vegetables, this strainer and steamer is a must-have for home cooks and professional chefs alike. Its compact size and lightweight construction make it easy to transport and store, making it perfect for liveaboard vessels, RVs, or small kitchens.",24.99,43,,Kitchen & Dining,57659
1159ff82-af91-48cf-8b55-32d8c7454ff0,Halloween Holiday Cotton Tablecloth,"Elevate your holiday decor with our attractive and durable Halloween-themed cotton tablecloth. Perfect for a seasonal dinner party or everyday use, this tablecloth features a high-quality cotton material that's machine washable and designed to withstand repeated use. Available in various sizes, including our 84"" long option, this tablecloth is a great choice for those looking for a stylish and long-lasting tablecloth. The cotton material is not only durable but also soft to the touch, making it a great addition to any home. With multiple sizes to choose from, you can find the perfect fit for your dining table. Whether you're hosting a spooky Halloween party or just want to add a touch of festive flair to your everyday decor, this tablecloth is sure to impress.",19.99,27,,Home & Garden > Kitchen & Dining > Table Linens,58317
75f18ea2-a57b-451d-b2b8-9ebc70c71394,Sturdy Medium Storage Basket,"The Sturdy Medium Storage Basket is a versatile and practical solution for organizing your home or office. Made with durable materials, this basket features a sturdy design that can hold its shape even when filled with contents. Its medium size is perfect for storing small items such as socks, gloves, hats, craft supplies, and more. The basket's compact size also makes it ideal for use in small spaces, such as under a bed or in a closet. The sturdy handles allow for easy carrying and transport of the basket. With its pretty design and sturdy construction, this basket is a great addition to any room. Whether you're a classroom teacher looking for a place to store gym clothes or just need a convenient storage solution, this basket is sure to meet your needs.",24.99,42,,Home & Garden,59617
a01492c1-445e-419f-9e06-6a0666d5cff6,Premium Navy Blue Cotton Tablecloth,"Elevate your dining experience with our premium navy blue cotton tablecloth, featuring a timeless dark navy blue and white checkered pattern. Made from high-quality Indian cotton, this tablecloth boasts a lovely texture and nice body. Its generous size measures 42"" x 72"", providing ample coverage for your table with a 7"" drop on either side. With its classic design, this tablecloth is perfect for formal gatherings, everyday meals, or as a replacement for a faded favorite. Our tablecloth is easy to care for, just wash it in cold water and hang it to dry for a crisp, clean finish. The included clips ensure a secure fit to your table. Order now and add a touch of sophistication to your dining space.",24.99,47,,Home & Garden,60821
191f161d-50ff-4196-8643-6c0594cd2472,Kitchen Multi-Tool Tweezers Set,"The Kitchen Multi-Tool Tweezers Set is a versatile and essential tool for any homeowner or kitchen enthusiast. With a good grip and durable construction, these tweezers are perfect for a variety of tasks, such as picking up small items, removing debris from tight spaces, and even selecting the right size cricket for your pet. Made with high-quality materials, this set is designed to withstand heavy use and provide years of reliable service. Whether you're a seasoned chef or a DIY novice, the Kitchen Multi-Tool Tweezers Set is an invaluable addition to your toolkit.",15.99,42,,Kitchen & Dining,62002
2811e439-dca1-4f17-b68d-af2cf0d25ef7,Natural Jute Table Runner with Classic Design,"Elevate your home decor with this beautiful, handmade jute table runner. Made from high-quality jute cotton, this product is soft to the touch and features a natural color reminiscent of wheat. The neutral tone makes it versatile and easy to pair with any style or color scheme. Perfect for adding a touch of warmth and texture to your kitchen table, dining room, or bathroom shelf. Jute is a low-maintenance material that requires minimal care - simply shake it outside to remove dust or spot clean with a damp sponge. With its classic design and affordable price, this table runner is a great addition to any home.",24.99,56,,Home & Garden,62828
aba83173-081d-4a8a-83d8-ff4f14affbd6,Premium Kitchen Magnet - Modern Design,"Elevate your kitchen with our modern Premium Kitchen Magnet, designed to bring style and functionality to your stainless steel appliances. Strong, durable, and made to last, this magnet is perfect for keeping your kitchen tidy and organized. With a sleek design that matches your stainless dishwasher, this product is a must-have for any home or office. Its small yet effective design won't take up valuable space, making it a great addition to any kitchen decor. Get your Premium Kitchen Magnet today and experience the perfect blend of form and function!",12.99,57,,Kitchen & Dining,63884
b118cd66-3256-4ff6-a24e-857e4938aa00,Godinger Crystal Judicial Gavel,"Elevate your judicial proceedings or office decor with the stunning Godinger Crystal Judicial Gavel. Crafted with exceptional quality and attention to detail, this beautifully designed gavel exudes authority and sophistication. Its crystal finish shines with a touch of elegance, making it an ideal addition to any formal setting. While its usability for heavy hammering may be limited, its aesthetic appeal and ability to evoke a sense of spirituality make it a valuable possession for those who value form over function. Perfect for formal occasions, judge's chambers, or as a unique desk accessory.",45.99,42,,Home & Garden,4867
1d1639ff-0d6c-49c5-ba83-65ab027f03be,Elegant Glassware Set with Handles,"Elevate your table setting with our stylish glassware set, featuring elegant handles and a sleek design. Made from high-quality glass, these mugs are perfect for keeping your coffee or tea warm for an extended period. The lightweight and stylish design makes them a great addition to any home or office. However, please note that they may be more delicate than expected, so handling with care is recommended to ensure optimal use. Our glassware set is available in a variety of colors and patterns, making it easy to find the perfect match for your table setting. With proper care, this glassware set can be a beautiful and functional addition to your daily routine.",19.99,42,,Kitchen & Dining,5966
bbcb8d3c-999a-41cb-8509-f8c656ef9fa3,Elegant Round Tablecloth Set with Matching Napkins,"Elevate your dining experience with our elegant round tablecloth set, complete with matching napkins. Made from high-quality, easy-to-clean fabric, this set is perfect for everyday use or special occasions. The tablecloth is designed to fit round tables with ease, and the matching napkins are generously sized for a luxurious touch. With its vibrant colors and crisp texture, this set is sure to impress your guests. Plus, it's machine washable and dryable, making it a low-maintenance addition to your home. Whether you're hosting a dinner party or simply want to add some style to your kitchen, this tablecloth set is an excellent choice.",29.99,42,,Kitchen & Dining,6232
85619833-3aa0-4e14-9ccc-a29734e0be75,Bialetti Espresso Pot Replacement Gasket and Filter Set,"Easily replace worn-out gaskets and filters in your Bialetti espresso pot with our high-quality replacement set. Designed to fit popular Bialetti models, our set includes a durable rubber gasket and a precision-made filter. Made from long-lasting materials, these replacement parts ensure optimal performance and flavor from your espresso maker. With a hassle-free return policy and prompt shipping, you can trust our product to meet your needs.",9.99,57,,Kitchen & Dining,6260
bc7acce9-47d3-422c-ae25-6f19d68e5bee,Premium Multifunction Rice Cooker & Slow Cooker,"Elevate your cooking experience with our Premium Multifunction Rice Cooker & Slow Cooker. This versatile kitchen appliance is designed to cook perfect rice, steam vegetables, and slow cook a variety of dishes. Its advanced features include a separate bowl and lid for easy cleaning, a compact design, and a user-friendly interface. Whether you're a busy home cook or a gourmet chef, this rice cooker is perfect for small to large families. With its ability to cook brown rice, white rice, and a variety of grains, this appliance is a must-have for any kitchen. Don't settle for mediocre rice - experience the difference with our Premium Multifunction Rice Cooker & Slow Cooker.",149.99,43,,Kitchen & Dining,7069
7805f8f7-3c68-48f9-ab83-471dc27433d4,Stainless Steel Twin Auger Juicer Machine,"Experience the best in juicing with our premium Stainless Steel Twin Auger Juicer Machine. This high-performance machine features a unique twin auger design that effortlessly extracts juice from even the toughest ingredients, including leafy greens, wheat grass, and citrus fruits. With only 4 easy-to-clean parts, you'll save time and effort compared to other juicers on the market. This juicer machine has been praised for its ability to handle a wide range of fruits and vegetables, including apples, carrots, beets, and more. Say goodbye to subpar juice quality and hello to a healthier you with this top-of-the-line juicer.",999.0,42,,Kitchen & Dining,7127
9d8efb3e-a651-4d51-b201-f32396ab32eb,Essential Herbal Intention Candle,"Elevate your space with our Essential Herbal Intention Candle, a beautiful blend of soothing scents and long-lasting burn time. This product is perfect for those seeking a calming atmosphere, and its compact size makes it ideal for small rooms or offices. Made with high-quality ingredients, this candle not only looks stunning but also provides a refreshing and peaceful ambiance. Its reasonable price point and long-lasting burn time make it a great value for the price. Whether you're looking to unwind after a long day or want to create a peaceful environment for meditation, our Essential Herbal Intention Candle is the perfect choice.",24.99,43,,Home & Garden,7346
0751d4bd-2cbc-41ac-bcb1-a323f986d58f,Trudeau Oyster Knife and Shell Holder Set,"Effortlessly open oysters with our high-quality Trudeau Oyster Knife and Shell Holder Set. The ergonomic design and longer, more efficient blade make quick work of even the toughest shells. The durable plastic shell holder keeps your oysters secure, but we recommend using a hand towel for easier rotation. Made from excellent-quality materials, this set can withstand heavy use and is perfect for oyster enthusiasts. Upgrade your oyster opening experience with this great value set.",19.99,57,,Kitchen & Dining,7471
3a9b93ff-e408-4e2a-9460-c15c4daa70b8,Willow Tree Love Story Figurine,"This exquisite Willow Tree figurine celebrates the love between two people, beautifully captured in a heartwarming scene. The figurine features a boy and a girl with a gold heart, symbolizing the love and connection that binds them together. Made with attention to detail and quality craftsmanship, this figurine is a perfect addition to any home or office. It's a thoughtful gift for loved ones, friends, or family members, serving as a reminder of the importance of love and relationships. The figurine's elegant design and meaningful message make it a treasured keepsake that will be cherished for years to come.",49.99,57,,Home & Garden,7918
cb8b86b7-0685-48e1-acba-9637e6862f61,Space-Saving Stackable Freezer Baskets,"Effortlessly organize and maximize your freezer space with our premium stackable freezer baskets. Designed with comfort and convenience in mind, these baskets feature sturdy handles for easy transportation and a unique design that allows for optimal airflow within your freezer. Perfect for storing meats, seafood, and other frozen foods, our baskets also make it simple to rotate stock and maintain a well-organized freezer. Say goodbye to cluttered freezers and hello to a more streamlined kitchen experience.",24.99,42,,Kitchen & Dining,9514
d5420134-3729-4874-a8c5-85408ea253be,Premium Stainless Steel Moka Coffee Maker,"Elevate your coffee experience with our high-quality Stainless Steel Moka Coffee Maker. This expertly crafted device produces an excellent cup of coffee every time, thanks to its durable construction and efficient brewing process. With a capacity to brew a generous 6 cup size, it's perfect for households and coffee enthusiasts alike. Our Moka pot is designed with convenience in mind, featuring a dishwasher-safe design for easy cleaning and a compact footprint that won't take up too much space on your stovetop. Whether you're a seasoned coffee connoisseur or just looking for a reliable brewer, this Premium Stainless Steel Moka Coffee Maker is an excellent choice.",79.99,43,,Kitchen & Dining,9865
0b28347f-6b3e-41ab-bfff-9bef49ee3f78,SoyQuick Soymilk Maker with Multi-Functionality,"Experience the convenience and health benefits of homemade soymilk with the SoyQuick Soymilk Maker. This easy-to-use and clean device makes it simple to create high-quality, additive-free soymilk from a variety of ingredients, including soybeans, grains, and mung beans. With its intuitive interface and 3-setting functionality, you can easily customize your soymilk to suit your taste preferences. The included recipe book provides endless possibilities for experimenting with new flavors and recipes. Enjoy the peace of mind that comes with knowing exactly what goes into your food, and delight in the rich, creamy taste of freshly made soymilk.",149.99,32,,Kitchen & Dining,10618
e0b7619e-4708-47da-bbf1-22fec31614b4,Colorful Nursery Art Prints,"Add a pop of color and personality to your child's nursery with these vibrant and cute art prints. Made with high-quality materials, these prints feature bright colors that are easy to clean and perfect for little ones. Choose from a variety of designs that will complement any nursery decor. With their easy-to-hang design and durable construction, these art prints are a great addition to any nursery or kids' room. Parents and grandparents alike have praised these prints for their beauty, durability, and ability to bring joy to children. Perfect for a gift or a personal touch to your child's space.",24.99,42,,Home & Garden,11433
5bf8efb2-edb9-442c-b074-4ad810099b6d,Touchless Swivel Sweeper for Daily Cleaning,"Elevate your cleaning routine with the Touchless Swivel Sweeper, a convenient and efficient way to pick up dirt, dust, and debris from your floors. Perfect for daily use, this sweeper is suitable for most floor types, including hardwood floors. With its touchless design, you can easily glide across your floors without the hassle of manual sweeping. Although the new model may not be as effective as the previous ones, it still gets the job done with a few passes. Additionally, it's easy to use and maintain, making it a great choice for pet owners. However, keep in mind that it may struggle with pet hair and certain small objects. Overall, this sweeper is a great value for its price and is perfect for those looking for a hassle-free cleaning experience.",29.99,47,,Home & Garden,12208
3f41654a-8108-4707-8c73-ff88bc5fe145,USA Pans 8-Piece Stainless Steel Cookware Set,"Elevate your cooking experience with the USA Pans 8-Piece Stainless Steel Cookware Set. This comprehensive cookware collection features 5-ply stainless steel cores, ensuring even heat distribution and exceptional cooking results. The set includes a helpful tips and warranty guide, making it perfect for home cooks of all skill levels. Each pan is marked with its size, allowing for easy selection and versatility. Whether you're cooking up a storm or sautéing simple meals, this set delivers with its durable construction and effortless clean-up. As a proudly American-made product, you can trust the quality and craftsmanship that goes into every piece.",249.99,75,,Kitchen & Dining,12244
20c81f65-6266-42c8-b681-a171275f7772,Bialetti Moka Maker Replacement Filter Set,"Upgrade your brewing experience with our high-quality replacement filter sets for Bialetti Moka makers. Crafted with precision and designed for optimal performance, these filters ensure a perfect seal every time, allowing you to savor the rich flavors of your favorite coffee. Made to replace your worn-out or damaged gaskets, these filter sets are a must-have for avid coffee enthusiasts who demand only the best. Our filters are designed to work seamlessly with various Bialetti Moka maker models, including the popular 9-cup brewer. With these replacement filters, you can say goodbye to rubbery flavors and hello to a full-bodied cup of coffee every time.",14.99,67,,Kitchen & Dining,13365
59dc6261-e521-40cc-b94e-199c15279646,Product 16079,Quality product with positive customer reviews.,29.99,50,,General,16079
0d88d364-2940-4b37-88a6-0d22be08376e,Ergonomic Gaming Recliner Chair,"Immerse yourself in comfort with our Ergonomic Gaming Recliner Chair, designed to provide ultimate relaxation and support during extended gaming sessions. With its sturdy construction and smooth rolling mechanism, this chair is perfect for gamers of all ages. The chair's comfort is not limited to its users, as our customers have praised its ability to provide a comfortable seating experience for both adults and children. While it may not have excessive padding, our chair's comfort level is sufficient for most users, and its ability to stay in place when not in use makes it a great choice for gaming rooms. With its versatility and comfort, this chair is an excellent addition to any gaming setup.",249.0,45,,Electronics,17448
4ef27df6-6fb7-4858-a875-68313b48621e,Deluxe Quality Plush Toy Set,"Bring joy to the ones you love with our Deluxe Quality Plush Toy Set, perfect for gifting to children of all ages. Made with very good quality materials, these plush toys are soft to the touch and incredibly cuddly. Whether you're looking for a special present or a way to bring a smile to a loved one's face, this set is sure to delight. With its durable construction, it's built to withstand plenty of snuggles and playtime. Give the gift of happiness with our Deluxe Quality Plush Toy Set.",29.99,57,,Toys & Games,18442
67828a42-5567-4ccc-ad16-55c3006df570,Turtle Shell Trinket Box,"Elevate your home decor or gift it to a turtle enthusiast with this exquisite turtle shell trinket box. Crafted with attention to detail, this beautiful piece features a natural-looking turtle shell with a functional blue crystal interior. The shell opens to reveal a secure space that can hold two rings, making it an ideal gift for any turtle lover. Measuring approximately the size of a business card, this charming trinket box is a thoughtful and elegant addition to any space.",24.99,87,,Home & Garden,18534
6315865e-d18b-4333-a94e-6195048fcb03,Breville Espresso Machine 900XLS Prosumer,"Experience the perfect blend of quality and value with the Breville Espresso Machine 900XLS Prosumer. This top-of-the-line espresso machine is designed for the discerning coffee connoisseur, offering professional-grade features and performance at an affordable price. With a double boiler for simultaneous frothing and a controlled group head, you can create a perfect shot of espresso every time. The machine's intuitive interface and adjustable temperature control make it easy to use, while the compact design and sleek aesthetics ensure it will fit seamlessly into any kitchen. From beginners to experienced baristas, the Breville Espresso Machine 900XLS Prosumer is an excellent choice for anyone looking to elevate their coffee game.",999.0,25,,Kitchen & Dining,21174
18104c1f-d484-42ce-ba67-0eaca4db1f0e,Easy Install Corner Shower Organizer Caddy,"Elevate your bathroom experience with our Easy Install Corner Shower Organizer Caddy. This innovative product provides a convenient and space-saving solution for storing shower essentials. With its easy-to-install design, it can be securely attached to your shower wall, even over grout lines, ensuring your belongings stay in place. Made with durable materials, this caddy is designed to withstand daily use and withstands the test of time. Perfect for busy households, this caddy helps keep your shower area organized, making it easier to find what you need when you need it. Get the best shower organizer on the market today and start enjoying a more efficient and relaxing shower experience.",24.99,57,,Home & Garden,24716
7b14905f-57b9-40fb-8063-f23d42f05573,Large Area Rug for Home Decor,"Elevate your home decor with our plush Large Area Rug, perfect for living rooms, bedrooms, and hallways. Measuring 5x7 feet, this rug is an excellent value for the price, with many customers praising its quality and affordability. With a durable design, it can withstand heavy foot traffic and is easy to maintain. Whether you're looking for a modern or traditional look, this rug is a great addition to any room. Its compact size makes it ideal for apartments, condos, or small spaces. Order now and enjoy a stylish and comfortable living space.",59.99,27,,Home & Garden,24874
dcc9cb44-3a65-47e5-8041-911b55f6f1ea,Elegant Silver Finish Napkin Rings Set,"Elevate your table settings with our elegant silver finish napkin rings set. Made from high-quality materials, these heavy-duty napkin rings are perfect for special occasions like Christmas, tea parties, or everyday use. With their simple yet sophisticated design, they will complement any table setting. Made to last, these napkin rings are a great value for their price. Order now and experience the difference in quality and style.",19.99,43,,Home & Garden,25255
0c10231b-0718-446c-8d04-f09545342be8,Durable Insulated Tumblers for Signature Drinks,"Elevate your daily routine with our premium insulated tumblers! Our product is designed to be durable, withstanding frequent washing and daily use. Its compact size makes it perfect for on-the-go, and you can easily clean it in the dishwasher. With a focus on customer satisfaction, our team is always available to address any concerns or questions, offering a warranty that ensures your complete peace of mind. Perfect for pairing with your signature tumblers, these insulated containers keep your drinks hot or cold for hours, making them an ideal companion for any occasion. Experience the difference with our top-notch customer service and exceptional product quality!",19.99,75,,Kitchen & Dining,27361
1046ca61-fedb-4a24-bb3a-a001e444a64b,Haan Multiforce Plus Steam Mop,"The Haan Multiforce Plus Steam Mop is a versatile and powerful cleaning solution for your home. With its ability to steam, sanitize, and buff your floors simultaneously, this product makes quick work of even the toughest messes. Its hot steam (212 degrees) is perfect for sanitizing and its large water tank means you can clean without constant refilling. The included scrubber function also makes it easy to clean grout between tiles, a common problem with traditional steam mops. With its ease of use and effectiveness, the Haan Multiforce Plus Steam Mop is a worthwhile investment for anyone looking to simplify their cleaning routine and keep their floors clean and sanitized.",129.99,43,,Home & Garden,27940
08983bfe-eb7c-4d2f-84e7-bb061aeab8ed,Essential Kitchen Utility Knife Set,"Elevate your kitchen experience with our Essential Kitchen Utility Knife Set. Designed for everyday use, these knives feature a durable construction and exceptional sharpness, making them perfect for both home and professional chefs. The knives come with a convenient knife block storage system, allowing for easy organization and accessibility. Our set is ideal for those looking for reliable, hardworking knives without breaking the bank. The knives have undergone various tests, including dishwasher safety, with no noticeable rust or damage. With a focus on functionality and affordability, this set is an excellent addition to any kitchen.",29.99,43,,Kitchen & Dining,28125
343db672-3dcf-4ff8-b2d6-dea4a1fdfc6e,Product 28896,Quality product with positive customer reviews.,29.99,50,,General,28896
1120e557-350d-4f7a-bf89-df71bc70cc2e,Waterblooms Floating Artificial Flowers,"Elevate your outdoor space with our realistic and durable Waterblooms Floating Artificial Flowers. Perfect for weddings, poolside decor, and aquatic environments, these flowers provide a beautiful and low-maintenance alternative to live plants. Their delicate petals and intricate details create a lifelike appearance that adds a touch of elegance to any setting. Additionally, they offer shade and protection for fish and other aquatic life, making them an excellent choice for koi ponds. Easy to use and maintain, Waterblooms Floating Artificial Flowers are a great option for those seeking a hassle-free and visually stunning gardening solution.",29.99,43,,Home & Garden,30107
940bde71-e2ff-4313-9413-838bf5f18833,Modern Glass Touch Kitchen Scale,"Elevate your kitchen with the Modern Glass Touch Kitchen Scale, a sleek and stylish addition that fits seamlessly into any decor. This versatile scale boasts an accurate weight measurement system, making it perfect for cooking, baking, and even calculating postal weights. Featuring a glass top and clear window, it provides a clean and modern look that's as functional as it is aesthetically pleasing. With its tare feature and support for various weight units, this scale is a must-have for home cooks, bakers, and small business owners alike. Whether you're measuring ingredients for a recipe, calculating postage for online orders, or simply keeping track of your weight, the Modern Glass Touch Kitchen Scale has got you covered.",24.99,42,,Kitchen & Dining,32641
ccbbadd5-61ea-44f1-825e-e4c8e9c8aa9e,Vornado Advanced Air Purifier,"Experience superior air quality with the Vornado Advanced Air Purifier, designed to effectively capture allergens, odors, and pollutants. Its advanced technology and powerful fan ensure efficient air circulation, reducing allergy symptoms and eliminating unwanted odors. With its compact design and quiet operation, this air purifier is perfect for bedrooms, living rooms, or any space where clean air matters. Key features include a high-capacity filter, easy filter replacement, and a user-friendly interface. Say goodbye to allergy sufferers, pet owners, and homeowners plagued by unpleasant odors in their homes.",179.0,42,,Home & Garden,32642
39d62188-be1a-45fe-adc2-cd68ad29bab9,Electrolux Precision Bare Floor Steamer,"Effortlessly clean your floors with the Electrolux Precision Bare Floor Steamer, a powerful and efficient cleaning solution. This steam mop features a 15-inch wide mop head, allowing you to cover more floor space with each sweep, saving you time and effort. The long cord (length not specified) provides flexibility and convenience, enabling you to navigate from front to back and side to side in your rooms with ease. The steamer heats up quickly, producing just the right amount of steam to effectively clean your floors without leaving behind excess water. Perfect for hardwood, tile, and other hard floors, this Electrolux steamer is a game-changer for those tired of tedious mopping and water spills.",149.99,43,,Kitchen & Dining,33944
6108eec0-ac97-4f03-aa9c-da8ba153c250,Digital Refrigeration Temperature Monitor 34353,"Accurately monitor the temperature of your refrigerator and freezer with this easy-to-read digital thermometer. Featuring large numbers and a user-friendly interface, this product is ideal for home use, helping you maintain a safe and healthy environment for your food. The thermometer works well in both refrigeration and freezing temperatures, ensuring you always have a precise reading. With its reliability and functionality, this temperature monitor is a must-have for any kitchen.",14.99,47,,Home & Garden,34353
e8e2a394-1653-4e4d-922c-9cf4559541d9,Effortless Cake Icing Tip,"Elevate your baking game with our Efficient Cake Icing Tip, designed to make decorating a cake a breeze. This innovative tool is perfect for achieving a professional-looking finish in a fraction of the time. With its unique design, you can pipe on icing and achieve a smooth, even coat with just a few passes. The tip is ideal for use with a 16-inch pastry bag and works well with a moderate to high amount of frosting. While a coupler may be required for some models, the benefits of this product far outweigh the minor inconvenience. Say goodbye to tedious cake decorating and hello to a perfectly iced cake every time.",9.99,43,,Kitchen & Dining,36654
975aa228-5b73-41f1-971d-35f52151c981,Titanium-Toned Digital Kitchen Scale and Timer,"Elevate your cooking experience with our Titanium-Toned Digital Kitchen Scale and Timer, a sleek and efficient kitchen companion. This modern scale boasts a compact design, perfect for small kitchens, with a convenient hole for hanging and self-adjusting feet for moisture protection. The blue LED display is easy to read, and the backlit function ensures visibility even in low-light conditions. This dual-function device is not only accurate but also easy to use, clean, and store. With its high-quality construction and user-friendly interface, this scale is an excellent addition to any kitchen. Order now and experience the convenience and precision of our Titanium-Toned Digital Kitchen Scale and Timer.",49.99,67,,Kitchen & Dining,36671
226bc6e9-bae4-4afc-bb4d-a01f3bcae9c9,Silicone Baking Cups for Cake Decorating,"These standard-size baking cups are made of high-quality, heat-resistant silicone and come in a set of a dozen. The vibrant pastel colors are perfect for Easter or birthday parties and add a touch of fun to your baked goods. The non-stick surface ensures that your cupcakes release easily, and the waterproof silicone allows you to create chocolate shells, candies, and more. The flexible material makes it easy to remove the treats without stretching the sides, and the cups can be washed and reused multiple times. Ideal for cake decorating, soap making, and candy crafting, these baking cups are a must-have for any baker or crafter.",14.99,57,,Kitchen & Dining,38144
e18584ed-85ff-48e4-8973-98353fe2f3d1,BlizeTec Wine Chiller Stick - Chill Your Wine with Ease,"Elevate your wine game with the BlizeTec Wine Chiller Stick, a clever and minimalist wine chiller designed for effortless wine cooling. With only two easy-to-assemble parts, this stainless steel stick is perfect for wine enthusiasts and those looking for a convenient wine gift. The BlizeTec Wine Chiller Stick is ideal for keeping wine chilled to perfection, whether you're entertaining or enjoying a night in. Its compact design makes it easy to store in your freezer, freeing up space for other essentials. Say goodbye to noisy or cumbersome wine chillers - this sleek and functional design is sure to impress. Perfect for wine lovers on-the-go, this wine chiller stick is a must-have for any wine collection.",14.99,27,,Kitchen & Dining,40075
1552f1f2-3599-4682-ba82-119092be61eb,Cotton Napkins for Elegant Events,"Add a touch of elegance to your special occasions with our premium cotton napkins. Made from 100% cotton, these napkins are designed to withstand wrinkles better than other brands. Available in a range of colors and perfect for holidays, parties, and everyday gatherings. Our napkins are machine washable and dry flat, making them easy to care for. With their large size and vibrant colors, these napkins will complement any table setting. Highly recommended for their quality and versatility.",15.99,47,,Kitchen & Dining,41859
e2f460ac-70a5-48f5-b598-c449953c4117,Vornadobaby Breesi Nursery Air Circulator Fan,"The Vornadobaby Breesi Nursery Air Circulator Fan is a thoughtful and functional addition to any nursery. This compact unit combines soothing white noise with gentle air circulation, creating a comfortable environment for your little one. The fan's baby-proof design includes a cord wrap, button lock, and zero sharp edges, providing peace of mind for parents. The unit is also easy to clean and move around, making it a practical choice for busy caregivers. With its attractive retro-inspired design and unisex color scheme, this fan is a lovely gift for new parents and a stylish addition to any nursery.",49.99,42,,"Heating, Cooling & Air Quality",41968
ce1025d2-4484-4b90-b349-d56b565b8894,Gentle Exfoliating Makeup Remover Cloths,"Transform your skincare routine with our Gentle Exfoliating Makeup Remover Cloths. These innovative cloths are designed to effectively remove makeup while gently exfoliating your skin, promoting a smoother and healthier complexion. Suitable for daily use, they're ideal for individuals with rosacea-prone skin, as they help to speed up the healing process of pimples and papules. With their soft texture and gentle exfoliating properties, these cloths are a great alternative to harsh makeup removers. Say goodbye to tugging and pulling, and hello to a more radiant you. Order now and experience the benefits of these fantastic cloths for yourself!",12.99,45,,Health & Beauty,43525
b273c15b-70bf-4134-9d62-8cb8b881ab8e,Oxo Professional Stainless Steel Cookware Set,"Elevate your cooking experience with the Oxo Professional Stainless Steel Cookware Set. This comprehensive 13-piece collection features high-quality, heavy-gauge stainless steel construction for exceptional durability and heat distribution. The set includes a range of pots and pans, from a petite 8-inch fry pan to a generous 8-quart stockpot, all with comfortable stay-cool handles and secure-fitting glass lids. Measurement markings inside most pans make cooking a breeze, while the ergonomic design ensures effortless lifting and pouring. Backed by a lifetime warranty, this cookware set is perfect for home chefs who demand the best. Whether you're a novice cook or an experienced chef, the Oxo Professional Stainless Steel Cookware Set is sure to become your trusted companion in the kitchen.",249.99,43,,Kitchen & Dining,43879
b81c50cd-cb28-48cf-acb9-2c1c6e020f63,Stylish Curved Coffee Mug,"Elevate your morning coffee routine with our Stylish Curved Coffee Mug. This beautifully designed mug features elegant, graceful lines and a subtle color that adds a touch of sophistication to any kitchen. The bowl of the mug is nicely curved, allowing your beverage to stay warm longer. The middle of the mug is slightly larger than the top, providing ample space for a hefty cup of coffee. Made from high-quality materials, this mug is sturdy and built to last. Perfect for coffee lovers, it makes a great gift for friends or family members.",14.99,67,,Kitchen & Dining,46148
342a39f2-c02f-44b5-bdf3-7ffb86c6d77c,Elegant Hotel-Quality Comforter Ensemble Set,"Elevate your bedroom with our luxurious comforter ensemble set, designed to bring a touch of elegance and sophistication to your home. Made with high-quality materials, this set boasts soft, cozy comforters and matching pillowcases that will keep you warm and snug throughout the night. The intricate designs and stylish patterns ensure a tasteful and coordinated look that complements any bedroom decor. With its durable construction and easy-care fabric, this comforter ensemble is perfect for those seeking quality comfort and style. Customers rave about its exceptional value, comfort, and beauty, making it an excellent addition to any home.",69.99,43,,Home & Garden,46769
436f0679-4a61-44c1-80ac-f783a30dcff1,AeraMax 47328 Air Purifier for Clean Air,"Breathe easier with the AeraMax 47328, a reliable air purifier designed to remove allergens and pollutants from your home air. This efficient device features two filters - HEPA and carbon - to capture 99.97% of particles as small as 0.3 microns, ensuring you and your family enjoy cleaner air. Its sleek design and small footprint make it perfect for small rooms (up to 250 square feet), while its quiet operation allows for undisturbed rest. The AeraMax 47328 also comes with an auto setting that adjusts fan speed to optimize air quality, providing a convenient and efficient solution for homeowners dealing with allergies, pet dander, or construction-related air pollution.",149.99,42,,Home & Garden,47328
e427821f-c621-47d3-8216-8eb928605934,Large Area Wall Decor Set,"Enhance your living space with our Large Area Wall Decor Set. This unique set of wall art pieces is designed to cover a significant area, making it perfect for large rooms, offices, or event spaces. With its varied and visually appealing design, this set is sure to grab attention and create a striking atmosphere. Despite some customers finding the pieces 'a little odd looking,' the set's value for its price makes it a great deal. The set looks exactly as advertised, and its large coverage area makes it an excellent choice for those who want to add some style to their space without breaking the bank.",49.99,27,,Home & Garden,50700
8407cfe3-3ea2-46a8-989f-5ce673b246c1,Patriotic Stripe Tablecloth for Outdoor Gatherings,"Elevate your outdoor dining experience with our DII Patriotic Stripe Tablecloth. Made from a thick and durable material, this vibrant tablecloth is perfect for patriotic holidays like Memorial Day and 4th of July. The unique stripe pattern adds a touch of American charm, making it an ideal choice for backyard barbecues and outdoor gatherings. The tablecloth is easy to clean and maintain, and it's also easy to coordinate with our matching napkins. Whether you're hosting a casual dinner or a festive celebration, this tablecloth is sure to impress. Its high-quality construction and beautiful design make it a must-have for any outdoor entertaining enthusiast.",24.99,42,,Home & Garden,51480
34e8501e-dc4e-420a-8be5-87d0f68a4dca,Vibrant Soft Throw Pillows,"Elevate your home decor with our Vibrant Soft Throw Pillows. Made from super soft materials, these pillows are perfect for adding a pop of color and warmth to any room. Their vibrant colors and plush texture are sure to delight both kids and adults alike. The pillows are available in good size and feature a nice look, making them an ideal choice for guest bedrooms or living rooms. With excellent packaging and no risk of damage, you can trust that our pillows will arrive in great condition.",15.99,43,,Home & Garden,53585
e564591b-3428-47e8-b2ab-3da161e59675,Thermal Blockout Drapes with Soft Fabric,"Elevate your home decor with our Thermal Blockout Drapes, crafted from soft and rich fabric that blocks out sunlight and insulates your space. With a rich color palette and matching backside, these drapes make a stylish statement in any room. Made with thermal qualities, they help regulate temperature and keep your space cozy. Easy to hang and maintain, these drapes are a great value for their quality and price. Perfect for bedrooms, living rooms, or any space that needs a little extra light control.",49.99,27,,Home & Garden,54923
95bed8bf-3ec7-495a-9d44-7c3209d3fee6,Insulated 17oz Leakproof Water Bottle,"Stay hydrated and refreshed on-the-go with our Insulated 17oz Leakproof Water Bottle. This stylish and functional water bottle is designed to keep your drinks hot or cold for hours. Made from durable and BPA-free materials, it's perfect for daily use. With a leakproof design, you can sip your favorite drink without worrying about spills. The comfortable grip and ergonomic handle make it easy to carry, while the marble color adds a touch of elegance. Whether you're driving around, walking, or working out, this water bottle is the perfect companion to help you stay hydrated and focused.",19.99,27,,Kitchen & Dining,57458
3eec0361-310a-422d-b906-12577daa6669,Colorful Aqua Blooms Water Beads for Home Decoration,"Bring a touch of magic to your home with our Colorful Aqua Blooms Water Beads. These vibrant, non-toxic beads are perfect for adding a pop of color to any room. With 11 different colors to choose from, you can create a unique and eye-catching display. Simply add water to the small packet and watch as they expand into a beautiful, flowing effect. Use them alone in a vase or pair them with flowers for a stunning centerpiece. Our Aqua Blooms are safe for plants and can be reused multiple times, making them a fun and eco-friendly addition to your home. Whether you're a parent looking for a fun activity for your kids or a homeowner seeking a unique decorative element, our Colorful Aqua Blooms Water Beads are sure to delight.",14.99,47,,Home & Garden,57709
128c4f25-6f93-4df8-9019-0dfdfd8c225b,Premium Wooden Rocking Chair,"Elevate your outdoor living space with our Premium Wooden Rocking Chair, crafted with high-quality wood and durable upholstery. This stylish chair boasts a sturdy design, featuring a comfortable upholstered seat and backrest, with adjustable armrests for optimal comfort. The wooden frame is carefully crafted to provide long-lasting durability, with a classic design that complements any outdoor setting. With its tall and comfortable design, this chair is perfect for relaxing on your patio, porch, or deck. Enjoy the warmth and coziness of this beautiful rocking chair, and experience the perfect blend of style and functionality.",149.99,42,,Home & Garden,57778
a23dca05-d973-4a78-ad9a-933a3031c439,Spooky Season Table Centerpiece,"Elevate your Halloween decor with our Spooky Season Table Centerpiece, a delightful and high-quality addition to any autumnal celebration. Made with exceptional craftsmanship, this piece is perfect for showcasing your festive spirit. Its adorable design looks fabulous on any tablecloth, and its quality surpasses expectations. Whether you're a fan of Halloween or just love the fall season, this centerpiece is sure to impress your guests. With its cute and playful design, it's the perfect conversation starter for your Halloween party. Highly recommended for its beauty and durability.",24.99,42,,Home & Garden,58319
67761352-8792-483b-8d65-959b7a4df7d4,Lenox Holiday Melamine Dinnerware Set,"Bring the joy of the holiday season to your table with the Lenox Holiday Melamine Dinnerware Set. This beautiful and sturdy set features a festive holly design, perfect for a merry Christmas dinner or any special occasion. Made from high-quality melamine, these dinner plates are safe for little ones to use and easy to clean. With a nice weight and size, they're perfect for serving a little or a lot. The set's acrylic construction ensures durability and resistance to chips and cracks, while its festive appearance adds a touch of holiday cheer to your table. Whether you're hosting a large family gathering or a small dinner party, the Lenox Holiday Melamine Dinnerware Set is the perfect choice.",49.99,67,,Kitchen & Dining,59180
99e82752-7492-489d-835b-9568a0668db2,Christmas Holly Leaf Tablecloth and Napkin Set,"Add a touch of festive cheer to your holiday gatherings with this elegant Christmas tablecloth and napkin set. Made from 100% cotton, this soft and durable tablecloth features a striking design with white holly leaves on a rich cherry-colored background. The tablecloth has a nice weight to it and lays flat on the table, making it perfect for casual dining rooms. The set also includes matching napkins that are prettier than the picture and are sure to make a beautiful addition to your holiday table. With its festive design and high-quality materials, this tablecloth and napkin set is an attractive addition to any home decor. It's easy to care for and can be washed and dried without fraying, pulling, or snagging. The set is a great way to add a pop of color and festive spirit to your holiday gatherings.",29.99,43,,Home & Garden,60630
3cbff6af-6cb8-4340-aef7-5488c95e95ac,Premium Kitchen Essentials Bundle,"Elevate your cooking experience with our comprehensive kitchen bundle, featuring a set of durable containers and a precision shaker. Perfect for meal preppers, home cooks, and professional chefs alike, this package includes everything you need to take your culinary skills to the next level. The containers are designed with convenience and organization in mind, making it easy to store and transport ingredients. The precision shaker is ideal for mixing and blending a variety of sauces, dressings, and marinades. Don't forget to explore the accompanying digital resources, including a 21-day meal planning guide and a comprehensive recipe e-book, to help you get the most out of your kitchen essentials.",49.99,43,,Kitchen & Dining,61865
4132a6e8-c689-4b10-a76a-3a57d79e5223,Premium Quality Long Apron for Kitchen and Baking,"Our long apron is designed for durability, comfort, and versatility. Made from a high-quality 65% Cotton, 35% Polyester material, it's resistant to fading, shrinking, and ironing. The apron features long, easy-to-wash strips, a double neck strap, and adjustable ties for a perfect fit on S, M, and L sizes. The two deep pockets at the front provide ample space for storing utensils, recipes, or cleaning supplies. Perfect for bakers, chefs, and anyone who loves cooking or working in the kitchen. With its attractive design and generous size, this apron is sure to become your favorite.",24.99,43,,Kitchen & Dining,62155
36bd70da-42de-4c6e-8cde-1f0d0d251a7c,Mattress Moving Bag - Queen Size Protection,"Protect your queen size mattress from scratches and damage during moves with our durable mattress moving bag. Made to withstand rough handling, this bag is perfect for apartment moves, U-haul vans, and elevator transfers. Its versatility and protection make it a lifesaver for both you and your belongings. With a simple and convenient design, it's easy to use and will save you time and effort. The bag is designed to fit your queen size mattress snugly and has been praised by customers for its durability and effectiveness.",29.99,43,,Home & Garden,62447
c85aa4e6-abd5-4ae7-a3f7-b8d660d78a30,Smart Spark Igniter Kitchen Tool,"Elevate your cooking experience with the Smart Spark Igniter, a convenient and safe kitchen gadget perfect for anyone who loves to cook. This compact and easy-to-use tool is designed to make life in the kitchen easier, allowing you to quickly and effortlessly ignite your burners. Its sleek design and affordable price make it an excellent addition to any kitchen, and its value is clear in the many positive reviews from satisfied customers. With its simple and intuitive operation, this product is a must-have for home cooks and professional chefs alike.",24.99,43,,Kitchen & Dining,63183
9327ef28-9c67-4a81-9348-862187164175,Cute Couple's Kitchen Apron Set,"Create a fun and romantic cooking experience with our adorable Couple's Kitchen Apron Set. Made from a lightweight poly cotton blend, these aprons are perfect for casual cooking and entertaining. The stylish design features cute phrases like 'Mr. est. 2016' and 'Mrs. est. 2016', making them a great gift for newlyweds or couples who love to cook together. The sturdy straps and well-made construction ensure durability and comfort. Whether you're a busy couple or a hostess extraordinaire, our apron set is a thoughtful and practical addition to your kitchen.",19.99,43,,Kitchen & Dining,63232
